keyword,question,option,excluded_country
车辆,你看到的行车方向或方向盘位置是？,左行车/右舵,Albania
车辆,你看到的行车方向或方向盘位置是？,左行车/右舵,Andorra
车辆,你看到的行车方向或方向盘位置是？,左行车/右舵,Argentina
车辆,你看到的行车方向或方向盘位置是？,左行车/右舵,Austria
车辆,你看到的行车方向或方向盘位置是？,左行车/右舵,Belgium
车辆,你看到的行车方向或方向盘位置是？,左行车/右舵,Bolivia
车辆,你看到的行车方向或方向盘位置是？,左行车/右舵,Brazil
车辆,你看到的行车方向或方向盘位置是？,左行车/右舵,Bulgaria
车辆,你看到的行车方向或方向盘位置是？,左行车/右舵,Cambodia
车辆,你看到的行车方向或方向盘位置是？,左行车/右舵,Canada
车辆,你看到的行车方向或方向盘位置是？,左行车/右舵,Chile
车辆,你看到的行车方向或方向盘位置是？,左行车/右舵,Colombia
车辆,你看到的行车方向或方向盘位置是？,左行车/右舵,Croatia
车辆,你看到的行车方向或方向盘位置是？,左行车/右舵,Czech Republic
车辆,你看到的行车方向或方向盘位置是？,左行车/右舵,Denmark
车辆,你看到的行车方向或方向盘位置是？,左行车/右舵,Dominican Republic
车辆,你看到的行车方向或方向盘位置是？,左行车/右舵,Ecuador
车辆,你看到的行车方向或方向盘位置是？,左行车/右舵,Estonia
车辆,你看到的行车方向或方向盘位置是？,左行车/右舵,Finland
车辆,你看到的行车方向或方向盘位置是？,左行车/右舵,France
车辆,你看到的行车方向或方向盘位置是？,左行车/右舵,Germany
车辆,你看到的行车方向或方向盘位置是？,左行车/右舵,Ghana
车辆,你看到的行车方向或方向盘位置是？,左行车/右舵,Greece
车辆,你看到的行车方向或方向盘位置是？,左行车/右舵,Guatemala
车辆,你看到的行车方向或方向盘位置是？,左行车/右舵,Hungary
车辆,你看到的行车方向或方向盘位置是？,左行车/右舵,Iceland
车辆,你看到的行车方向或方向盘位置是？,左行车/右舵,Israel
车辆,你看到的行车方向或方向盘位置是？,左行车/右舵,Jordan
车辆,你看到的行车方向或方向盘位置是？,左行车/右舵,Kyrgyzstan
车辆,你看到的行车方向或方向盘位置是？,左行车/右舵,Latvia
车辆,你看到的行车方向或方向盘位置是？,左行车/右舵,Lithuania
车辆,你看到的行车方向或方向盘位置是？,左行车/右舵,Mexico
车辆,你看到的行车方向或方向盘位置是？,左行车/右舵,Mongolia
车辆,你看到的行车方向或方向盘位置是？,左行车/右舵,Montenegro
车辆,你看到的行车方向或方向盘位置是？,左行车/右舵,Nigeria
车辆,你看到的行车方向或方向盘位置是？,左行车/右舵,Norway
车辆,你看到的行车方向或方向盘位置是？,左行车/右舵,Peru
车辆,你看到的行车方向或方向盘位置是？,左行车/右舵,Philippines
车辆,你看到的行车方向或方向盘位置是？,左行车/右舵,Poland
车辆,你看到的行车方向或方向盘位置是？,左行车/右舵,Portugal
车辆,你看到的行车方向或方向盘位置是？,左行车/右舵,Qatar
车辆,你看到的行车方向或方向盘位置是？,左行车/右舵,Romania
车辆,你看到的行车方向或方向盘位置是？,左行车/右舵,Russia
车辆,你看到的行车方向或方向盘位置是？,左行车/右舵,Serbia
车辆,你看到的行车方向或方向盘位置是？,左行车/右舵,Slovakia
车辆,你看到的行车方向或方向盘位置是？,左行车/右舵,Slovenia
车辆,你看到的行车方向或方向盘位置是？,左行车/右舵,South Korea
车辆,你看到的行车方向或方向盘位置是？,左行车/右舵,Spain
车辆,你看到的行车方向或方向盘位置是？,左行车/右舵,Senegal
车辆,你看到的行车方向或方向盘位置是？,左行车/右舵,Sweden
车辆,你看到的行车方向或方向盘位置是？,左行车/右舵,Switzerland
车辆,你看到的行车方向或方向盘位置是？,左行车/右舵,Taiwan
车辆,你看到的行车方向或方向盘位置是？,左行车/右舵,Tunisia
车辆,你看到的行车方向或方向盘位置是？,左行车/右舵,Turkey
车辆,你看到的行车方向或方向盘位置是？,左行车/右舵,United Arab Emirates
车辆,你看到的行车方向或方向盘位置是？,左行车/右舵,Ukraine
车辆,你看到的行车方向或方向盘位置是？,左行车/右舵,United States
车辆,你看到的行车方向或方向盘位置是？,左行车/右舵,Uruguay
车辆,你看到的行车方向或方向盘位置是？,左行车/右舵,Luxembourg
车辆,你看到的行车方向或方向盘位置是？,左行车/右舵,Italy
车辆,你看到的行车方向或方向盘位置是？,左行车/右舵,Canada
车辆,你看到的行车方向或方向盘位置是？,左行车/右舵,Netherlands
车辆,你看到的行车方向或方向盘位置是？,右行车/左舵,United Kingdom of Great Britain and Northern Ireland
车辆,你看到的行车方向或方向盘位置是？,右行车/左舵,Ireland
车辆,你看到的行车方向或方向盘位置是？,右行车/左舵,Uganda
车辆,你看到的行车方向或方向盘位置是？,右行车/左舵,Kenya
车辆,你看到的行车方向或方向盘位置是？,右行车/左舵,South Africa
车辆,你看到的行车方向或方向盘位置是？,右行车/左舵,Botswana
车辆,你看到的行车方向或方向盘位置是？,右行车/左舵,Lesotho
车辆,你看到的行车方向或方向盘位置是？,右行车/左舵,Eswatini
车辆,你看到的行车方向或方向盘位置是？,右行车/左舵,India
车辆,你看到的行车方向或方向盘位置是？,右行车/左舵,Sri Lanka
车辆,你看到的行车方向或方向盘位置是？,右行车/左舵,Bangladesh
车辆,你看到的行车方向或方向盘位置是？,右行车/左舵,Bhutan
车辆,你看到的行车方向或方向盘位置是？,右行车/左舵,Thailand
车辆,你看到的行车方向或方向盘位置是？,右行车/左舵,Malaysia
车辆,你看到的行车方向或方向盘位置是？,右行车/左舵,Indonesia
车辆,你看到的行车方向或方向盘位置是？,右行车/左舵,Australia
车辆,你看到的行车方向或方向盘位置是？,右行车/左舵,New Zealand
车辆,你看到的行车方向或方向盘位置是？,右行车/左舵,Japan
车辆,你看到的行车方向或方向盘位置是？,右行车/左舵,Singapore
车辆,你看到的行车方向或方向盘位置是？,右行车/左舵,Malta
语言,你看到的语言类型是？,英语,Albania
语言,你看到的语言类型是？,英语,Andorra
语言,你看到的语言类型是？,英语,Argentina
语言,你看到的语言类型是？,英语,Austria
语言,你看到的语言类型是？,英语,Belgium
语言,你看到的语言类型是？,英语,Bolivia
语言,你看到的语言类型是？,英语,Brazil
语言,你看到的语言类型是？,英语,Bulgaria
语言,你看到的语言类型是？,英语,Cambodia
语言,你看到的语言类型是？,英语,Chile
语言,你看到的语言类型是？,英语,Colombia
语言,你看到的语言类型是？,英语,Croatia
语言,你看到的语言类型是？,英语,Czech Republic
语言,你看到的语言类型是？,英语,Denmark
语言,你看到的语言类型是？,英语,Dominican Republic
语言,你看到的语言类型是？,英语,Ecuador
语言,你看到的语言类型是？,英语,Estonia
语言,你看到的语言类型是？,英语,Finland
语言,你看到的语言类型是？,英语,France
语言,你看到的语言类型是？,英语,Germany
语言,你看到的语言类型是？,英语,Ghana
语言,你看到的语言类型是？,英语,Greece
语言,你看到的语言类型是？,英语,Guatemala
语言,你看到的语言类型是？,英语,Hungary
语言,你看到的语言类型是？,英语,Iceland
语言,你看到的语言类型是？,英语,Israel
语言,你看到的语言类型是？,英语,Jordan
语言,你看到的语言类型是？,英语,Kyrgyzstan
语言,你看到的语言类型是？,英语,Latvia
语言,你看到的语言类型是？,英语,Lithuania
语言,你看到的语言类型是？,英语,Mexico
语言,你看到的语言类型是？,英语,Mongolia
语言,你看到的语言类型是？,英语,Montenegro
语言,你看到的语言类型是？,英语,Italy
语言,你看到的语言类型是？,英语,Norway
语言,你看到的语言类型是？,英语,Peru
语言,你看到的语言类型是？,英语,Luxembourg
语言,你看到的语言类型是？,英语,Poland
语言,你看到的语言类型是？,英语,Qatar
语言,你看到的语言类型是？,英语,Romania
语言,你看到的语言类型是？,英语,Russia
语言,你看到的语言类型是？,英语,Serbia
语言,你看到的语言类型是？,英语,Slovakia
语言,你看到的语言类型是？,英语,Slovenia
语言,你看到的语言类型是？,英语,South Korea
语言,你看到的语言类型是？,英语,Spain
语言,你看到的语言类型是？,英语,Sweden
语言,你看到的语言类型是？,英语,Switzerland
语言,你看到的语言类型是？,英语,Taiwan
语言,你看到的语言类型是？,英语,Tunisia
语言,你看到的语言类型是？,英语,Turkey
语言,你看到的语言类型是？,英语,United Arab Emirates
语言,你看到的语言类型是？,英语,Ukraine
语言,你看到的语言类型是？,英语,Uruguay
语言,你看到的语言类型是？,英语,Sri Lanka
语言,你看到的语言类型是？,英语,Bangladesh
语言,你看到的语言类型是？,英语,Bhutan
语言,你看到的语言类型是？,英语,Thailand
语言,你看到的语言类型是？,英语,Malaysia
语言,你看到的语言类型是？,英语,Indonesia
语言,你看到的语言类型是？,英语,Japan
语言,你看到的语言类型是？,英语,Senegal
语言,你看到的语言类型是？,英语,Netherlands
语言,你看到的语言类型是？,西班牙语,Albania
语言,你看到的语言类型是？,西班牙语,Andorra
语言,你看到的语言类型是？,西班牙语,Austria
语言,你看到的语言类型是？,西班牙语,Belgium
语言,你看到的语言类型是？,西班牙语,Brazil
语言,你看到的语言类型是？,西班牙语,Bulgaria
语言,你看到的语言类型是？,西班牙语,Cambodia
语言,你看到的语言类型是？,西班牙语,Canada
语言,你看到的语言类型是？,西班牙语,Croatia
语言,你看到的语言类型是？,西班牙语,Czech Republic
语言,你看到的语言类型是？,西班牙语,Denmark
语言,你看到的语言类型是？,西班牙语,Estonia
语言,你看到的语言类型是？,西班牙语,Finland
语言,你看到的语言类型是？,西班牙语,France
语言,你看到的语言类型是？,西班牙语,Germany
语言,你看到的语言类型是？,西班牙语,Ghana
语言,你看到的语言类型是？,西班牙语,Greece
语言,你看到的语言类型是？,西班牙语,Hungary
语言,你看到的语言类型是？,西班牙语,Iceland
语言,你看到的语言类型是？,西班牙语,Israel
语言,你看到的语言类型是？,西班牙语,Jordan
语言,你看到的语言类型是？,西班牙语,Kyrgyzstan
语言,你看到的语言类型是？,西班牙语,Latvia
语言,你看到的语言类型是？,西班牙语,Lithuania
语言,你看到的语言类型是？,西班牙语,Mongolia
语言,你看到的语言类型是？,西班牙语,Montenegro
语言,你看到的语言类型是？,西班牙语,Nigeria
语言,你看到的语言类型是？,西班牙语,Norway
语言,你看到的语言类型是？,西班牙语,Philippines
语言,你看到的语言类型是？,西班牙语,Poland
语言,你看到的语言类型是？,西班牙语,Portugal
语言,你看到的语言类型是？,西班牙语,Qatar
语言,你看到的语言类型是？,西班牙语,Romania
语言,你看到的语言类型是？,西班牙语,Russia
语言,你看到的语言类型是？,西班牙语,Serbia
语言,你看到的语言类型是？,西班牙语,Slovakia
语言,你看到的语言类型是？,西班牙语,Slovenia
语言,你看到的语言类型是？,西班牙语,South Korea
语言,你看到的语言类型是？,西班牙语,Senegal
语言,你看到的语言类型是？,西班牙语,Sweden
语言,你看到的语言类型是？,西班牙语,Switzerland
语言,你看到的语言类型是？,西班牙语,Taiwan
语言,你看到的语言类型是？,西班牙语,Tunisia
语言,你看到的语言类型是？,西班牙语,Turkey
语言,你看到的语言类型是？,西班牙语,United Arab Emirates
语言,你看到的语言类型是？,西班牙语,Ukraine
语言,你看到的语言类型是？,西班牙语,United States
语言,你看到的语言类型是？,西班牙语,Luxembourg
语言,你看到的语言类型是？,西班牙语,Italy
语言,你看到的语言类型是？,西班牙语,Canada
语言,你看到的语言类型是？,西班牙语,Netherlands
语言,你看到的语言类型是？,西班牙语,United Kingdom of Great Britain and Northern Ireland
语言,你看到的语言类型是？,西班牙语,Ireland
语言,你看到的语言类型是？,西班牙语,Uganda
语言,你看到的语言类型是？,西班牙语,Kenya
语言,你看到的语言类型是？,西班牙语,South Africa
语言,你看到的语言类型是？,西班牙语,Botswana
语言,你看到的语言类型是？,西班牙语,Lesotho
语言,你看到的语言类型是？,西班牙语,Eswatini
语言,你看到的语言类型是？,西班牙语,India
语言,你看到的语言类型是？,西班牙语,Sri Lanka
语言,你看到的语言类型是？,西班牙语,Bangladesh
语言,你看到的语言类型是？,西班牙语,Bhutan
语言,你看到的语言类型是？,西班牙语,Thailand
语言,你看到的语言类型是？,西班牙语,Malaysia
语言,你看到的语言类型是？,西班牙语,Indonesia
语言,你看到的语言类型是？,西班牙语,Australia
语言,你看到的语言类型是？,西班牙语,New Zealand
语言,你看到的语言类型是？,西班牙语,Japan
语言,你看到的语言类型是？,西班牙语,Singapore
语言,你看到的语言类型是？,西班牙语,Malta
语言,你看到的语言类型是？,法语,Albania
语言,你看到的语言类型是？,法语,Andorra
语言,你看到的语言类型是？,法语,Argentina
语言,你看到的语言类型是？,法语,Austria
语言,你看到的语言类型是？,法语,Bolivia
语言,你看到的语言类型是？,法语,Brazil
语言,你看到的语言类型是？,法语,Bulgaria
语言,你看到的语言类型是？,法语,Cambodia
语言,你看到的语言类型是？,法语,Chile
语言,你看到的语言类型是？,法语,Colombia
语言,你看到的语言类型是？,法语,Croatia
语言,你看到的语言类型是？,法语,Czech Republic
语言,你看到的语言类型是？,法语,Denmark
语言,你看到的语言类型是？,法语,Dominican Republic
语言,你看到的语言类型是？,法语,Ecuador
语言,你看到的语言类型是？,法语,Estonia
语言,你看到的语言类型是？,法语,Finland
语言,你看到的语言类型是？,法语,Germany
语言,你看到的语言类型是？,法语,Ghana
语言,你看到的语言类型是？,法语,Greece
语言,你看到的语言类型是？,法语,Guatemala
语言,你看到的语言类型是？,法语,Hungary
语言,你看到的语言类型是？,法语,Iceland
语言,你看到的语言类型是？,法语,Israel
语言,你看到的语言类型是？,法语,Jordan
语言,你看到的语言类型是？,法语,Kyrgyzstan
语言,你看到的语言类型是？,法语,Latvia
语言,你看到的语言类型是？,法语,Lithuania
语言,你看到的语言类型是？,法语,Mexico
语言,你看到的语言类型是？,法语,Mongolia
语言,你看到的语言类型是？,法语,Montenegro
语言,你看到的语言类型是？,法语,Nigeria
语言,你看到的语言类型是？,法语,Norway
语言,你看到的语言类型是？,法语,Peru
语言,你看到的语言类型是？,法语,Philippines
语言,你看到的语言类型是？,法语,Poland
语言,你看到的语言类型是？,法语,Portugal
语言,你看到的语言类型是？,法语,Qatar
语言,你看到的语言类型是？,法语,Romania
语言,你看到的语言类型是？,法语,Russia
语言,你看到的语言类型是？,法语,Serbia
语言,你看到的语言类型是？,法语,Slovakia
语言,你看到的语言类型是？,法语,Slovenia
语言,你看到的语言类型是？,法语,South Korea
语言,你看到的语言类型是？,法语,Spain
语言,你看到的语言类型是？,法语,Sweden
语言,你看到的语言类型是？,法语,Taiwan
语言,你看到的语言类型是？,法语,Tunisia
语言,你看到的语言类型是？,法语,Turkey
语言,你看到的语言类型是？,法语,United Arab Emirates
语言,你看到的语言类型是？,法语,Ukraine
语言,你看到的语言类型是？,法语,United States
语言,你看到的语言类型是？,法语,Uruguay
语言,你看到的语言类型是？,法语,Italy
语言,你看到的语言类型是？,法语,Canada
语言,你看到的语言类型是？,法语,Netherlands
语言,你看到的语言类型是？,法语,United Kingdom of Great Britain and Northern Ireland
语言,你看到的语言类型是？,法语,Ireland
语言,你看到的语言类型是？,法语,Uganda
语言,你看到的语言类型是？,法语,Kenya
语言,你看到的语言类型是？,法语,South Africa
语言,你看到的语言类型是？,法语,Botswana
语言,你看到的语言类型是？,法语,Lesotho
语言,你看到的语言类型是？,法语,Eswatini
语言,你看到的语言类型是？,法语,India
语言,你看到的语言类型是？,法语,Sri Lanka
语言,你看到的语言类型是？,法语,Bangladesh
语言,你看到的语言类型是？,法语,Bhutan
语言,你看到的语言类型是？,法语,Thailand
语言,你看到的语言类型是？,法语,Malaysia
语言,你看到的语言类型是？,法语,Indonesia
语言,你看到的语言类型是？,法语,Australia
语言,你看到的语言类型是？,法语,New Zealand
语言,你看到的语言类型是？,法语,Japan
语言,你看到的语言类型是？,法语,Singapore
语言,你看到的语言类型是？,法语,Malta
语言,你看到的语言类型是？,葡萄牙语,Albania
语言,你看到的语言类型是？,葡萄牙语,Andorra
语言,你看到的语言类型是？,葡萄牙语,Argentina
语言,你看到的语言类型是？,葡萄牙语,Austria
语言,你看到的语言类型是？,葡萄牙语,Belgium
语言,你看到的语言类型是？,葡萄牙语,Bolivia
语言,你看到的语言类型是？,葡萄牙语,Bulgaria
语言,你看到的语言类型是？,葡萄牙语,Cambodia
语言,你看到的语言类型是？,葡萄牙语,Canada
语言,你看到的语言类型是？,葡萄牙语,Chile
语言,你看到的语言类型是？,葡萄牙语,Colombia
语言,你看到的语言类型是？,葡萄牙语,Croatia
语言,你看到的语言类型是？,葡萄牙语,Czech Republic
语言,你看到的语言类型是？,葡萄牙语,Denmark
语言,你看到的语言类型是？,葡萄牙语,Dominican Republic
语言,你看到的语言类型是？,葡萄牙语,Ecuador
语言,你看到的语言类型是？,葡萄牙语,Estonia
语言,你看到的语言类型是？,葡萄牙语,Finland
语言,你看到的语言类型是？,葡萄牙语,France
语言,你看到的语言类型是？,葡萄牙语,Germany
语言,你看到的语言类型是？,葡萄牙语,Ghana
语言,你看到的语言类型是？,葡萄牙语,Greece
语言,你看到的语言类型是？,葡萄牙语,Guatemala
语言,你看到的语言类型是？,葡萄牙语,Hungary
语言,你看到的语言类型是？,葡萄牙语,Iceland
语言,你看到的语言类型是？,葡萄牙语,Israel
语言,你看到的语言类型是？,葡萄牙语,Jordan
语言,你看到的语言类型是？,葡萄牙语,Kyrgyzstan
语言,你看到的语言类型是？,葡萄牙语,Latvia
语言,你看到的语言类型是？,葡萄牙语,Lithuania
语言,你看到的语言类型是？,葡萄牙语,Mexico
语言,你看到的语言类型是？,葡萄牙语,Mongolia
语言,你看到的语言类型是？,葡萄牙语,Montenegro
语言,你看到的语言类型是？,葡萄牙语,Nigeria
语言,你看到的语言类型是？,葡萄牙语,Norway
语言,你看到的语言类型是？,葡萄牙语,Peru
语言,你看到的语言类型是？,葡萄牙语,Philippines
语言,你看到的语言类型是？,葡萄牙语,Poland
语言,你看到的语言类型是？,葡萄牙语,Qatar
语言,你看到的语言类型是？,葡萄牙语,Romania
语言,你看到的语言类型是？,葡萄牙语,Russia
语言,你看到的语言类型是？,葡萄牙语,Serbia
语言,你看到的语言类型是？,葡萄牙语,Slovakia
语言,你看到的语言类型是？,葡萄牙语,Slovenia
语言,你看到的语言类型是？,葡萄牙语,South Korea
语言,你看到的语言类型是？,葡萄牙语,Spain
语言,你看到的语言类型是？,葡萄牙语,Senegal
语言,你看到的语言类型是？,葡萄牙语,Sweden
语言,你看到的语言类型是？,葡萄牙语,Switzerland
语言,你看到的语言类型是？,葡萄牙语,Taiwan
语言,你看到的语言类型是？,葡萄牙语,Tunisia
语言,你看到的语言类型是？,葡萄牙语,Turkey
语言,你看到的语言类型是？,葡萄牙语,United Arab Emirates
语言,你看到的语言类型是？,葡萄牙语,Ukraine
语言,你看到的语言类型是？,葡萄牙语,United States
语言,你看到的语言类型是？,葡萄牙语,Uruguay
语言,你看到的语言类型是？,葡萄牙语,Luxembourg
语言,你看到的语言类型是？,葡萄牙语,Italy
语言,你看到的语言类型是？,葡萄牙语,Canada
语言,你看到的语言类型是？,葡萄牙语,Netherlands
语言,你看到的语言类型是？,葡萄牙语,United Kingdom of Great Britain and Northern Ireland
语言,你看到的语言类型是？,葡萄牙语,Ireland
语言,你看到的语言类型是？,葡萄牙语,Uganda
语言,你看到的语言类型是？,葡萄牙语,Kenya
语言,你看到的语言类型是？,葡萄牙语,South Africa
语言,你看到的语言类型是？,葡萄牙语,Botswana
语言,你看到的语言类型是？,葡萄牙语,Lesotho
语言,你看到的语言类型是？,葡萄牙语,Eswatini
语言,你看到的语言类型是？,葡萄牙语,India
语言,你看到的语言类型是？,葡萄牙语,Sri Lanka
语言,你看到的语言类型是？,葡萄牙语,Bangladesh
语言,你看到的语言类型是？,葡萄牙语,Bhutan
语言,你看到的语言类型是？,葡萄牙语,Thailand
语言,你看到的语言类型是？,葡萄牙语,Malaysia
语言,你看到的语言类型是？,葡萄牙语,Indonesia
语言,你看到的语言类型是？,葡萄牙语,Australia
语言,你看到的语言类型是？,葡萄牙语,New Zealand
语言,你看到的语言类型是？,葡萄牙语,Japan
语言,你看到的语言类型是？,葡萄牙语,Singapore
语言,你看到的语言类型是？,葡萄牙语,Malta
语言,你看到的语言类型是？,其他拉丁字母语言,Andorra
语言,你看到的语言类型是？,其他拉丁字母语言,Argentina
语言,你看到的语言类型是？,其他拉丁字母语言,Belgium
语言,你看到的语言类型是？,其他拉丁字母语言,Bolivia
语言,你看到的语言类型是？,其他拉丁字母语言,Brazil
语言,你看到的语言类型是？,其他拉丁字母语言,Bulgaria
语言,你看到的语言类型是？,其他拉丁字母语言,Cambodia
语言,你看到的语言类型是？,其他拉丁字母语言,Canada
语言,你看到的语言类型是？,其他拉丁字母语言,Chile
语言,你看到的语言类型是？,其他拉丁字母语言,Colombia
语言,你看到的语言类型是？,其他拉丁字母语言,Croatia
语言,你看到的语言类型是？,其他拉丁字母语言,Czech Republic
语言,你看到的语言类型是？,其他拉丁字母语言,Denmark
语言,你看到的语言类型是？,其他拉丁字母语言,Dominican Republic
语言,你看到的语言类型是？,其他拉丁字母语言,Ecuador
语言,你看到的语言类型是？,其他拉丁字母语言,Estonia
语言,你看到的语言类型是？,其他拉丁字母语言,Finland
语言,你看到的语言类型是？,其他拉丁字母语言,France
语言,你看到的语言类型是？,其他拉丁字母语言,Ghana
语言,你看到的语言类型是？,其他拉丁字母语言,Greece
语言,你看到的语言类型是？,其他拉丁字母语言,Guatemala
语言,你看到的语言类型是？,其他拉丁字母语言,Hungary
语言,你看到的语言类型是？,其他拉丁字母语言,Iceland
语言,你看到的语言类型是？,其他拉丁字母语言,Israel
语言,你看到的语言类型是？,其他拉丁字母语言,Jordan
语言,你看到的语言类型是？,其他拉丁字母语言,Kyrgyzstan
语言,你看到的语言类型是？,其他拉丁字母语言,Latvia
语言,你看到的语言类型是？,其他拉丁字母语言,Lithuania
语言,你看到的语言类型是？,其他拉丁字母语言,Mexico
语言,你看到的语言类型是？,其他拉丁字母语言,Mongolia
语言,你看到的语言类型是？,其他拉丁字母语言,Montenegro
语言,你看到的语言类型是？,其他拉丁字母语言,Nigeria
语言,你看到的语言类型是？,其他拉丁字母语言,Norway
语言,你看到的语言类型是？,其他拉丁字母语言,Peru
语言,你看到的语言类型是？,其他拉丁字母语言,Philippines
语言,你看到的语言类型是？,其他拉丁字母语言,Poland
语言,你看到的语言类型是？,其他拉丁字母语言,Portugal
语言,你看到的语言类型是？,其他拉丁字母语言,Qatar
语言,你看到的语言类型是？,其他拉丁字母语言,Romania
语言,你看到的语言类型是？,其他拉丁字母语言,Russia
语言,你看到的语言类型是？,其他拉丁字母语言,Serbia
语言,你看到的语言类型是？,其他拉丁字母语言,Slovakia
语言,你看到的语言类型是？,其他拉丁字母语言,Slovenia
语言,你看到的语言类型是？,其他拉丁字母语言,South Korea
语言,你看到的语言类型是？,其他拉丁字母语言,Spain
语言,你看到的语言类型是？,其他拉丁字母语言,Senegal
语言,你看到的语言类型是？,其他拉丁字母语言,Sweden
语言,你看到的语言类型是？,其他拉丁字母语言,Switzerland
语言,你看到的语言类型是？,其他拉丁字母语言,Taiwan
语言,你看到的语言类型是？,其他拉丁字母语言,Tunisia
语言,你看到的语言类型是？,其他拉丁字母语言,United Arab Emirates
语言,你看到的语言类型是？,其他拉丁字母语言,Ukraine
语言,你看到的语言类型是？,其他拉丁字母语言,United States
语言,你看到的语言类型是？,其他拉丁字母语言,Uruguay
语言,你看到的语言类型是？,其他拉丁字母语言,Luxembourg
语言,你看到的语言类型是？,其他拉丁字母语言,Canada
语言,你看到的语言类型是？,其他拉丁字母语言,United Kingdom of Great Britain and Northern Ireland
语言,你看到的语言类型是？,其他拉丁字母语言,Ireland
语言,你看到的语言类型是？,其他拉丁字母语言,Uganda
语言,你看到的语言类型是？,其他拉丁字母语言,Kenya
语言,你看到的语言类型是？,其他拉丁字母语言,South Africa
语言,你看到的语言类型是？,其他拉丁字母语言,Botswana
语言,你看到的语言类型是？,其他拉丁字母语言,Lesotho
语言,你看到的语言类型是？,其他拉丁字母语言,Eswatini
语言,你看到的语言类型是？,其他拉丁字母语言,India
语言,你看到的语言类型是？,其他拉丁字母语言,Sri Lanka
语言,你看到的语言类型是？,其他拉丁字母语言,Bangladesh
语言,你看到的语言类型是？,其他拉丁字母语言,Bhutan
语言,你看到的语言类型是？,其他拉丁字母语言,Thailand
语言,你看到的语言类型是？,其他拉丁字母语言,Australia
语言,你看到的语言类型是？,其他拉丁字母语言,New Zealand
语言,你看到的语言类型是？,其他拉丁字母语言,Japan
语言,你看到的语言类型是？,其他拉丁字母语言,Singapore
语言,你看到的语言类型是？,其他拉丁字母语言,Malta
语言,你看到的语言类型是？,斯拉夫语系,Albania
语言,你看到的语言类型是？,斯拉夫语系,Andorra
语言,你看到的语言类型是？,斯拉夫语系,Argentina
语言,你看到的语言类型是？,斯拉夫语系,Austria
语言,你看到的语言类型是？,斯拉夫语系,Belgium
语言,你看到的语言类型是？,斯拉夫语系,Bolivia
语言,你看到的语言类型是？,斯拉夫语系,Brazil
语言,你看到的语言类型是？,斯拉夫语系,Cambodia
语言,你看到的语言类型是？,斯拉夫语系,Canada
语言,你看到的语言类型是？,斯拉夫语系,Chile
语言,你看到的语言类型是？,斯拉夫语系,Colombia
语言,你看到的语言类型是？,斯拉夫语系,Denmark
语言,你看到的语言类型是？,斯拉夫语系,Dominican Republic
语言,你看到的语言类型是？,斯拉夫语系,Ecuador
语言,你看到的语言类型是？,斯拉夫语系,Estonia
语言,你看到的语言类型是？,斯拉夫语系,Finland
语言,你看到的语言类型是？,斯拉夫语系,France
语言,你看到的语言类型是？,斯拉夫语系,Germany
语言,你看到的语言类型是？,斯拉夫语系,Ghana
语言,你看到的语言类型是？,斯拉夫语系,Greece
语言,你看到的语言类型是？,斯拉夫语系,Guatemala
语言,你看到的语言类型是？,斯拉夫语系,Hungary
语言,你看到的语言类型是？,斯拉夫语系,Iceland
语言,你看到的语言类型是？,斯拉夫语系,Israel
语言,你看到的语言类型是？,斯拉夫语系,Jordan
语言,你看到的语言类型是？,斯拉夫语系,Kyrgyzstan
语言,你看到的语言类型是？,斯拉夫语系,Latvia
语言,你看到的语言类型是？,斯拉夫语系,Lithuania
语言,你看到的语言类型是？,斯拉夫语系,Mexico
语言,你看到的语言类型是？,斯拉夫语系,Mongolia
语言,你看到的语言类型是？,斯拉夫语系,Nigeria
语言,你看到的语言类型是？,斯拉夫语系,Norway
语言,你看到的语言类型是？,斯拉夫语系,Peru
语言,你看到的语言类型是？,斯拉夫语系,Philippines
语言,你看到的语言类型是？,斯拉夫语系,Portugal
语言,你看到的语言类型是？,斯拉夫语系,Qatar
语言,你看到的语言类型是？,斯拉夫语系,Russia
语言,你看到的语言类型是？,斯拉夫语系,South Korea
语言,你看到的语言类型是？,斯拉夫语系,Bulgaria
语言,你看到的语言类型是？,斯拉夫语系,Spain
语言,你看到的语言类型是？,斯拉夫语系,Senegal
语言,你看到的语言类型是？,斯拉夫语系,Sweden
语言,你看到的语言类型是？,斯拉夫语系,Switzerland
语言,你看到的语言类型是？,斯拉夫语系,Taiwan
语言,你看到的语言类型是？,斯拉夫语系,Tunisia
语言,你看到的语言类型是？,斯拉夫语系,Turkey
语言,你看到的语言类型是？,斯拉夫语系,United Arab Emirates
语言,你看到的语言类型是？,斯拉夫语系,Ukraine
语言,你看到的语言类型是？,斯拉夫语系,United States
语言,你看到的语言类型是？,斯拉夫语系,Uruguay
语言,你看到的语言类型是？,斯拉夫语系,Luxembourg
语言,你看到的语言类型是？,斯拉夫语系,Italy
语言,你看到的语言类型是？,斯拉夫语系,Canada
语言,你看到的语言类型是？,斯拉夫语系,Netherlands
语言,你看到的语言类型是？,斯拉夫语系,United Kingdom of Great Britain and Northern Ireland
语言,你看到的语言类型是？,斯拉夫语系,Ireland
语言,你看到的语言类型是？,斯拉夫语系,Uganda
语言,你看到的语言类型是？,斯拉夫语系,Kenya
语言,你看到的语言类型是？,斯拉夫语系,South Africa
语言,你看到的语言类型是？,斯拉夫语系,Botswana
语言,你看到的语言类型是？,斯拉夫语系,Lesotho
语言,你看到的语言类型是？,斯拉夫语系,Eswatini
语言,你看到的语言类型是？,斯拉夫语系,India
语言,你看到的语言类型是？,斯拉夫语系,Sri Lanka
语言,你看到的语言类型是？,斯拉夫语系,Bangladesh
语言,你看到的语言类型是？,斯拉夫语系,Bhutan
语言,你看到的语言类型是？,斯拉夫语系,Thailand
语言,你看到的语言类型是？,斯拉夫语系,Malaysia
语言,你看到的语言类型是？,斯拉夫语系,Indonesia
语言,你看到的语言类型是？,斯拉夫语系,Australia
语言,你看到的语言类型是？,斯拉夫语系,New Zealand
语言,你看到的语言类型是？,斯拉夫语系,Japan
语言,你看到的语言类型是？,斯拉夫语系,Singapore
语言,你看到的语言类型是？,斯拉夫语系,Malta
语言,你看到的语言类型是？,北欧语言,Albania
语言,你看到的语言类型是？,北欧语言,Andorra
语言,你看到的语言类型是？,北欧语言,Argentina
语言,你看到的语言类型是？,北欧语言,Austria
语言,你看到的语言类型是？,北欧语言,Belgium
语言,你看到的语言类型是？,北欧语言,Bolivia
语言,你看到的语言类型是？,北欧语言,Brazil
语言,你看到的语言类型是？,北欧语言,Bulgaria
语言,你看到的语言类型是？,北欧语言,Cambodia
语言,你看到的语言类型是？,北欧语言,Canada
语言,你看到的语言类型是？,北欧语言,Chile
语言,你看到的语言类型是？,北欧语言,Colombia
语言,你看到的语言类型是？,北欧语言,Croatia
语言,你看到的语言类型是？,北欧语言,Czech Republic
语言,你看到的语言类型是？,北欧语言,Dominican Republic
语言,你看到的语言类型是？,北欧语言,Ecuador
语言,你看到的语言类型是？,北欧语言,France
语言,你看到的语言类型是？,北欧语言,Germany
语言,你看到的语言类型是？,北欧语言,Ghana
语言,你看到的语言类型是？,北欧语言,Greece
语言,你看到的语言类型是？,北欧语言,Guatemala
语言,你看到的语言类型是？,北欧语言,Hungary
语言,你看到的语言类型是？,北欧语言,Israel
语言,你看到的语言类型是？,北欧语言,Jordan
语言,你看到的语言类型是？,北欧语言,Kyrgyzstan
语言,你看到的语言类型是？,北欧语言,Mexico
语言,你看到的语言类型是？,北欧语言,Mongolia
语言,你看到的语言类型是？,北欧语言,Montenegro
语言,你看到的语言类型是？,北欧语言,Nigeria
语言,你看到的语言类型是？,北欧语言,Peru
语言,你看到的语言类型是？,北欧语言,Philippines
语言,你看到的语言类型是？,北欧语言,Poland
语言,你看到的语言类型是？,北欧语言,Portugal
语言,你看到的语言类型是？,北欧语言,Qatar
语言,你看到的语言类型是？,北欧语言,Romania
语言,你看到的语言类型是？,北欧语言,Russia
语言,你看到的语言类型是？,北欧语言,Serbia
语言,你看到的语言类型是？,北欧语言,Slovakia
语言,你看到的语言类型是？,北欧语言,Slovenia
语言,你看到的语言类型是？,北欧语言,South Korea
语言,你看到的语言类型是？,北欧语言,Spain
语言,你看到的语言类型是？,北欧语言,Senegal
语言,你看到的语言类型是？,北欧语言,Switzerland
语言,你看到的语言类型是？,北欧语言,Taiwan
语言,你看到的语言类型是？,北欧语言,Tunisia
语言,你看到的语言类型是？,北欧语言,Turkey
语言,你看到的语言类型是？,北欧语言,United Arab Emirates
语言,你看到的语言类型是？,北欧语言,Ukraine
语言,你看到的语言类型是？,北欧语言,United States
语言,你看到的语言类型是？,北欧语言,Uruguay
语言,你看到的语言类型是？,北欧语言,Luxembourg
语言,你看到的语言类型是？,北欧语言,Italy
语言,你看到的语言类型是？,北欧语言,Canada
语言,你看到的语言类型是？,北欧语言,Netherlands
语言,你看到的语言类型是？,北欧语言,United Kingdom of Great Britain and Northern Ireland
语言,你看到的语言类型是？,北欧语言,Ireland
语言,你看到的语言类型是？,北欧语言,Uganda
语言,你看到的语言类型是？,北欧语言,Kenya
语言,你看到的语言类型是？,北欧语言,South Africa
语言,你看到的语言类型是？,北欧语言,Botswana
语言,你看到的语言类型是？,北欧语言,Lesotho
语言,你看到的语言类型是？,北欧语言,Eswatini
语言,你看到的语言类型是？,北欧语言,India
语言,你看到的语言类型是？,北欧语言,Sri Lanka
语言,你看到的语言类型是？,北欧语言,Bangladesh
语言,你看到的语言类型是？,北欧语言,Bhutan
语言,你看到的语言类型是？,北欧语言,Thailand
语言,你看到的语言类型是？,北欧语言,Malaysia
语言,你看到的语言类型是？,北欧语言,Indonesia
语言,你看到的语言类型是？,北欧语言,Australia
语言,你看到的语言类型是？,北欧语言,New Zealand
语言,你看到的语言类型是？,北欧语言,Japan
语言,你看到的语言类型是？,北欧语言,Singapore
语言,你看到的语言类型是？,北欧语言,Malta
语言,你看到的语言类型是？,西里尔字母,Albania
语言,你看到的语言类型是？,西里尔字母,Andorra
语言,你看到的语言类型是？,西里尔字母,Argentina
语言,你看到的语言类型是？,西里尔字母,Austria
语言,你看到的语言类型是？,西里尔字母,Belgium
语言,你看到的语言类型是？,西里尔字母,Bolivia
语言,你看到的语言类型是？,西里尔字母,Brazil
语言,你看到的语言类型是？,西里尔字母,Cambodia
语言,你看到的语言类型是？,西里尔字母,Canada
语言,你看到的语言类型是？,西里尔字母,Chile
语言,你看到的语言类型是？,西里尔字母,Colombia
语言,你看到的语言类型是？,西里尔字母,Croatia
语言,你看到的语言类型是？,西里尔字母,Czech Republic
语言,你看到的语言类型是？,西里尔字母,Denmark
语言,你看到的语言类型是？,西里尔字母,Dominican Republic
语言,你看到的语言类型是？,西里尔字母,Ecuador
语言,你看到的语言类型是？,西里尔字母,Estonia
语言,你看到的语言类型是？,西里尔字母,Finland
语言,你看到的语言类型是？,西里尔字母,France
语言,你看到的语言类型是？,西里尔字母,Germany
语言,你看到的语言类型是？,西里尔字母,Ghana
语言,你看到的语言类型是？,西里尔字母,Greece
语言,你看到的语言类型是？,西里尔字母,Guatemala
语言,你看到的语言类型是？,西里尔字母,Hungary
语言,你看到的语言类型是？,西里尔字母,Iceland
语言,你看到的语言类型是？,西里尔字母,Israel
语言,你看到的语言类型是？,西里尔字母,Jordan
语言,你看到的语言类型是？,西里尔字母,Latvia
语言,你看到的语言类型是？,西里尔字母,Lithuania
语言,你看到的语言类型是？,西里尔字母,Mexico
语言,你看到的语言类型是？,西里尔字母,Montenegro
语言,你看到的语言类型是？,西里尔字母,Nigeria
语言,你看到的语言类型是？,西里尔字母,Norway
语言,你看到的语言类型是？,西里尔字母,Peru
语言,你看到的语言类型是？,西里尔字母,Philippines
语言,你看到的语言类型是？,西里尔字母,Poland
语言,你看到的语言类型是？,西里尔字母,Portugal
语言,你看到的语言类型是？,西里尔字母,Qatar
语言,你看到的语言类型是？,西里尔字母,Romania
语言,你看到的语言类型是？,西里尔字母,Slovakia
语言,你看到的语言类型是？,西里尔字母,Slovenia
语言,你看到的语言类型是？,西里尔字母,South Korea
语言,你看到的语言类型是？,西里尔字母,Spain
语言,你看到的语言类型是？,西里尔字母,Senegal
语言,你看到的语言类型是？,西里尔字母,Sweden
语言,你看到的语言类型是？,西里尔字母,Switzerland
语言,你看到的语言类型是？,西里尔字母,Taiwan
语言,你看到的语言类型是？,西里尔字母,Tunisia
语言,你看到的语言类型是？,西里尔字母,Turkey
语言,你看到的语言类型是？,西里尔字母,United Arab Emirates
语言,你看到的语言类型是？,西里尔字母,United States
语言,你看到的语言类型是？,西里尔字母,Uruguay
语言,你看到的语言类型是？,西里尔字母,Luxembourg
语言,你看到的语言类型是？,西里尔字母,Italy
语言,你看到的语言类型是？,西里尔字母,Canada
语言,你看到的语言类型是？,西里尔字母,Netherlands
语言,你看到的语言类型是？,西里尔字母,United Kingdom of Great Britain and Northern Ireland
语言,你看到的语言类型是？,西里尔字母,Ireland
语言,你看到的语言类型是？,西里尔字母,Uganda
语言,你看到的语言类型是？,西里尔字母,Kenya
语言,你看到的语言类型是？,西里尔字母,South Africa
语言,你看到的语言类型是？,西里尔字母,Botswana
语言,你看到的语言类型是？,西里尔字母,Lesotho
语言,你看到的语言类型是？,西里尔字母,Eswatini
语言,你看到的语言类型是？,西里尔字母,India
语言,你看到的语言类型是？,西里尔字母,Sri Lanka
语言,你看到的语言类型是？,西里尔字母,Bangladesh
语言,你看到的语言类型是？,西里尔字母,Bhutan
语言,你看到的语言类型是？,西里尔字母,Thailand
语言,你看到的语言类型是？,西里尔字母,Malaysia
语言,你看到的语言类型是？,西里尔字母,Indonesia
语言,你看到的语言类型是？,西里尔字母,Australia
语言,你看到的语言类型是？,西里尔字母,New Zealand
语言,你看到的语言类型是？,西里尔字母,Japan
语言,你看到的语言类型是？,西里尔字母,Singapore
语言,你看到的语言类型是？,西里尔字母,Malta
语言,你看到的语言类型是？,汉语,Albania
语言,你看到的语言类型是？,汉语,Andorra
语言,你看到的语言类型是？,汉语,Argentina
语言,你看到的语言类型是？,汉语,Austria
语言,你看到的语言类型是？,汉语,Belgium
语言,你看到的语言类型是？,汉语,Bolivia
语言,你看到的语言类型是？,汉语,Brazil
语言,你看到的语言类型是？,汉语,Bulgaria
语言,你看到的语言类型是？,汉语,Cambodia
语言,你看到的语言类型是？,汉语,Canada
语言,你看到的语言类型是？,汉语,Chile
语言,你看到的语言类型是？,汉语,Colombia
语言,你看到的语言类型是？,汉语,Croatia
语言,你看到的语言类型是？,汉语,Czech Republic
语言,你看到的语言类型是？,汉语,Denmark
语言,你看到的语言类型是？,汉语,Dominican Republic
语言,你看到的语言类型是？,汉语,Ecuador
语言,你看到的语言类型是？,汉语,Estonia
语言,你看到的语言类型是？,汉语,Finland
语言,你看到的语言类型是？,汉语,France
语言,你看到的语言类型是？,汉语,Germany
语言,你看到的语言类型是？,汉语,Ghana
语言,你看到的语言类型是？,汉语,Greece
语言,你看到的语言类型是？,汉语,Guatemala
语言,你看到的语言类型是？,汉语,Hungary
语言,你看到的语言类型是？,汉语,Iceland
语言,你看到的语言类型是？,汉语,Israel
语言,你看到的语言类型是？,汉语,Jordan
语言,你看到的语言类型是？,汉语,Kyrgyzstan
语言,你看到的语言类型是？,汉语,Latvia
语言,你看到的语言类型是？,汉语,Lithuania
语言,你看到的语言类型是？,汉语,Mexico
语言,你看到的语言类型是？,汉语,Mongolia
语言,你看到的语言类型是？,汉语,Montenegro
语言,你看到的语言类型是？,汉语,Nigeria
语言,你看到的语言类型是？,汉语,Norway
语言,你看到的语言类型是？,汉语,Peru
语言,你看到的语言类型是？,汉语,Philippines
语言,你看到的语言类型是？,汉语,Poland
语言,你看到的语言类型是？,汉语,Portugal
语言,你看到的语言类型是？,汉语,Qatar
语言,你看到的语言类型是？,汉语,Romania
语言,你看到的语言类型是？,汉语,Russia
语言,你看到的语言类型是？,汉语,Serbia
语言,你看到的语言类型是？,汉语,Slovakia
语言,你看到的语言类型是？,汉语,Slovenia
语言,你看到的语言类型是？,汉语,South Korea
语言,你看到的语言类型是？,汉语,Spain
语言,你看到的语言类型是？,汉语,Senegal
语言,你看到的语言类型是？,汉语,Sweden
语言,你看到的语言类型是？,汉语,Switzerland
语言,你看到的语言类型是？,汉语,Tunisia
语言,你看到的语言类型是？,汉语,Turkey
语言,你看到的语言类型是？,汉语,United Arab Emirates
语言,你看到的语言类型是？,汉语,Ukraine
语言,你看到的语言类型是？,汉语,United States
语言,你看到的语言类型是？,汉语,Uruguay
语言,你看到的语言类型是？,汉语,Luxembourg
语言,你看到的语言类型是？,汉语,Italy
语言,你看到的语言类型是？,汉语,Canada
语言,你看到的语言类型是？,汉语,Netherlands
语言,你看到的语言类型是？,汉语,United Kingdom of Great Britain and Northern Ireland
语言,你看到的语言类型是？,汉语,Ireland
语言,你看到的语言类型是？,汉语,Uganda
语言,你看到的语言类型是？,汉语,Kenya
语言,你看到的语言类型是？,汉语,South Africa
语言,你看到的语言类型是？,汉语,Botswana
语言,你看到的语言类型是？,汉语,Lesotho
语言,你看到的语言类型是？,汉语,Eswatini
语言,你看到的语言类型是？,汉语,India
语言,你看到的语言类型是？,汉语,Sri Lanka
语言,你看到的语言类型是？,汉语,Bangladesh
语言,你看到的语言类型是？,汉语,Bhutan
语言,你看到的语言类型是？,汉语,Thailand
语言,你看到的语言类型是？,汉语,Malaysia
语言,你看到的语言类型是？,汉语,Indonesia
语言,你看到的语言类型是？,汉语,Australia
语言,你看到的语言类型是？,汉语,New Zealand
语言,你看到的语言类型是？,汉语,Japan
语言,你看到的语言类型是？,汉语,Singapore
语言,你看到的语言类型是？,汉语,Malta
语言,你看到的语言类型是？,日语,Albania
语言,你看到的语言类型是？,日语,Andorra
语言,你看到的语言类型是？,日语,Argentina
语言,你看到的语言类型是？,日语,Austria
语言,你看到的语言类型是？,日语,Belgium
语言,你看到的语言类型是？,日语,Bolivia
语言,你看到的语言类型是？,日语,Brazil
语言,你看到的语言类型是？,日语,Bulgaria
语言,你看到的语言类型是？,日语,Cambodia
语言,你看到的语言类型是？,日语,Canada
语言,你看到的语言类型是？,日语,Chile
语言,你看到的语言类型是？,日语,Colombia
语言,你看到的语言类型是？,日语,Croatia
语言,你看到的语言类型是？,日语,Czech Republic
语言,你看到的语言类型是？,日语,Denmark
语言,你看到的语言类型是？,日语,Dominican Republic
语言,你看到的语言类型是？,日语,Ecuador
语言,你看到的语言类型是？,日语,Estonia
语言,你看到的语言类型是？,日语,Finland
语言,你看到的语言类型是？,日语,France
语言,你看到的语言类型是？,日语,Germany
语言,你看到的语言类型是？,日语,Ghana
语言,你看到的语言类型是？,日语,Greece
语言,你看到的语言类型是？,日语,Guatemala
语言,你看到的语言类型是？,日语,Hungary
语言,你看到的语言类型是？,日语,Iceland
语言,你看到的语言类型是？,日语,Israel
语言,你看到的语言类型是？,日语,Jordan
语言,你看到的语言类型是？,日语,Kyrgyzstan
语言,你看到的语言类型是？,日语,Latvia
语言,你看到的语言类型是？,日语,Lithuania
语言,你看到的语言类型是？,日语,Mexico
语言,你看到的语言类型是？,日语,Mongolia
语言,你看到的语言类型是？,日语,Montenegro
语言,你看到的语言类型是？,日语,Nigeria
语言,你看到的语言类型是？,日语,Norway
语言,你看到的语言类型是？,日语,Peru
语言,你看到的语言类型是？,日语,Philippines
语言,你看到的语言类型是？,日语,Poland
语言,你看到的语言类型是？,日语,Portugal
语言,你看到的语言类型是？,日语,Qatar
语言,你看到的语言类型是？,日语,Romania
语言,你看到的语言类型是？,日语,Russia
语言,你看到的语言类型是？,日语,Serbia
语言,你看到的语言类型是？,日语,Slovakia
语言,你看到的语言类型是？,日语,Slovenia
语言,你看到的语言类型是？,日语,South Korea
语言,你看到的语言类型是？,日语,Spain
语言,你看到的语言类型是？,日语,Senegal
语言,你看到的语言类型是？,日语,Sweden
语言,你看到的语言类型是？,日语,Switzerland
语言,你看到的语言类型是？,日语,Taiwan
语言,你看到的语言类型是？,日语,Tunisia
语言,你看到的语言类型是？,日语,Turkey
语言,你看到的语言类型是？,日语,United Arab Emirates
语言,你看到的语言类型是？,日语,Ukraine
语言,你看到的语言类型是？,日语,United States
语言,你看到的语言类型是？,日语,Uruguay
语言,你看到的语言类型是？,日语,Luxembourg
语言,你看到的语言类型是？,日语,Italy
语言,你看到的语言类型是？,日语,Canada
语言,你看到的语言类型是？,日语,Netherlands
语言,你看到的语言类型是？,日语,United Kingdom of Great Britain and Northern Ireland
语言,你看到的语言类型是？,日语,Ireland
语言,你看到的语言类型是？,日语,Uganda
语言,你看到的语言类型是？,日语,Kenya
语言,你看到的语言类型是？,日语,South Africa
语言,你看到的语言类型是？,日语,Botswana
语言,你看到的语言类型是？,日语,Lesotho
语言,你看到的语言类型是？,日语,Eswatini
语言,你看到的语言类型是？,日语,India
语言,你看到的语言类型是？,日语,Sri Lanka
语言,你看到的语言类型是？,日语,Bangladesh
语言,你看到的语言类型是？,日语,Bhutan
语言,你看到的语言类型是？,日语,Thailand
语言,你看到的语言类型是？,日语,Malaysia
语言,你看到的语言类型是？,日语,Indonesia
语言,你看到的语言类型是？,日语,Australia
语言,你看到的语言类型是？,日语,New Zealand
语言,你看到的语言类型是？,日语,Singapore
语言,你看到的语言类型是？,日语,Malta
语言,你看到的语言类型是？,韩语,Albania
语言,你看到的语言类型是？,韩语,Andorra
语言,你看到的语言类型是？,韩语,Argentina
语言,你看到的语言类型是？,韩语,Austria
语言,你看到的语言类型是？,韩语,Belgium
语言,你看到的语言类型是？,韩语,Bolivia
语言,你看到的语言类型是？,韩语,Brazil
语言,你看到的语言类型是？,韩语,Bulgaria
语言,你看到的语言类型是？,韩语,Cambodia
语言,你看到的语言类型是？,韩语,Canada
语言,你看到的语言类型是？,韩语,Chile
语言,你看到的语言类型是？,韩语,Colombia
语言,你看到的语言类型是？,韩语,Croatia
语言,你看到的语言类型是？,韩语,Czech Republic
语言,你看到的语言类型是？,韩语,Denmark
语言,你看到的语言类型是？,韩语,Dominican Republic
语言,你看到的语言类型是？,韩语,Ecuador
语言,你看到的语言类型是？,韩语,Estonia
语言,你看到的语言类型是？,韩语,Finland
语言,你看到的语言类型是？,韩语,France
语言,你看到的语言类型是？,韩语,Germany
语言,你看到的语言类型是？,韩语,Ghana
语言,你看到的语言类型是？,韩语,Greece
语言,你看到的语言类型是？,韩语,Guatemala
语言,你看到的语言类型是？,韩语,Hungary
语言,你看到的语言类型是？,韩语,Iceland
语言,你看到的语言类型是？,韩语,Israel
语言,你看到的语言类型是？,韩语,Jordan
语言,你看到的语言类型是？,韩语,Kyrgyzstan
语言,你看到的语言类型是？,韩语,Latvia
语言,你看到的语言类型是？,韩语,Lithuania
语言,你看到的语言类型是？,韩语,Mexico
语言,你看到的语言类型是？,韩语,Mongolia
语言,你看到的语言类型是？,韩语,Montenegro
语言,你看到的语言类型是？,韩语,Nigeria
语言,你看到的语言类型是？,韩语,Norway
语言,你看到的语言类型是？,韩语,Peru
语言,你看到的语言类型是？,韩语,Philippines
语言,你看到的语言类型是？,韩语,Poland
语言,你看到的语言类型是？,韩语,Portugal
语言,你看到的语言类型是？,韩语,Qatar
语言,你看到的语言类型是？,韩语,Romania
语言,你看到的语言类型是？,韩语,Russia
语言,你看到的语言类型是？,韩语,Serbia
语言,你看到的语言类型是？,韩语,Slovakia
语言,你看到的语言类型是？,韩语,Slovenia
语言,你看到的语言类型是？,韩语,Spain
语言,你看到的语言类型是？,韩语,Senegal
语言,你看到的语言类型是？,韩语,Sweden
语言,你看到的语言类型是？,韩语,Switzerland
语言,你看到的语言类型是？,韩语,Taiwan
语言,你看到的语言类型是？,韩语,Tunisia
语言,你看到的语言类型是？,韩语,Turkey
语言,你看到的语言类型是？,韩语,United Arab Emirates
语言,你看到的语言类型是？,韩语,Ukraine
语言,你看到的语言类型是？,韩语,United States
语言,你看到的语言类型是？,韩语,Uruguay
语言,你看到的语言类型是？,韩语,Luxembourg
语言,你看到的语言类型是？,韩语,Italy
语言,你看到的语言类型是？,韩语,Canada
语言,你看到的语言类型是？,韩语,Netherlands
语言,你看到的语言类型是？,韩语,United Kingdom of Great Britain and Northern Ireland
语言,你看到的语言类型是？,韩语,Ireland
语言,你看到的语言类型是？,韩语,Uganda
语言,你看到的语言类型是？,韩语,Kenya
语言,你看到的语言类型是？,韩语,South Africa
语言,你看到的语言类型是？,韩语,Botswana
语言,你看到的语言类型是？,韩语,Lesotho
语言,你看到的语言类型是？,韩语,Eswatini
语言,你看到的语言类型是？,韩语,India
语言,你看到的语言类型是？,韩语,Sri Lanka
语言,你看到的语言类型是？,韩语,Bangladesh
语言,你看到的语言类型是？,韩语,Bhutan
语言,你看到的语言类型是？,韩语,Thailand
语言,你看到的语言类型是？,韩语,Malaysia
语言,你看到的语言类型是？,韩语,Indonesia
语言,你看到的语言类型是？,韩语,Australia
语言,你看到的语言类型是？,韩语,New Zealand
语言,你看到的语言类型是？,韩语,Japan
语言,你看到的语言类型是？,韩语,Singapore
语言,你看到的语言类型是？,韩语,Malta
语言,你看到的语言类型是？,阿拉伯语,Albania
语言,你看到的语言类型是？,阿拉伯语,Andorra
语言,你看到的语言类型是？,阿拉伯语,Argentina
语言,你看到的语言类型是？,阿拉伯语,Austria
语言,你看到的语言类型是？,阿拉伯语,Belgium
语言,你看到的语言类型是？,阿拉伯语,Bolivia
语言,你看到的语言类型是？,阿拉伯语,Brazil
语言,你看到的语言类型是？,阿拉伯语,Bulgaria
语言,你看到的语言类型是？,阿拉伯语,Cambodia
语言,你看到的语言类型是？,阿拉伯语,Canada
语言,你看到的语言类型是？,阿拉伯语,Chile
语言,你看到的语言类型是？,阿拉伯语,Colombia
语言,你看到的语言类型是？,阿拉伯语,Croatia
语言,你看到的语言类型是？,阿拉伯语,Czech Republic
语言,你看到的语言类型是？,阿拉伯语,Denmark
语言,你看到的语言类型是？,阿拉伯语,Dominican Republic
语言,你看到的语言类型是？,阿拉伯语,Ecuador
语言,你看到的语言类型是？,阿拉伯语,Estonia
语言,你看到的语言类型是？,阿拉伯语,Finland
语言,你看到的语言类型是？,阿拉伯语,France
语言,你看到的语言类型是？,阿拉伯语,Germany
语言,你看到的语言类型是？,阿拉伯语,Ghana
语言,你看到的语言类型是？,阿拉伯语,Greece
语言,你看到的语言类型是？,阿拉伯语,Guatemala
语言,你看到的语言类型是？,阿拉伯语,Hungary
语言,你看到的语言类型是？,阿拉伯语,Iceland
语言,你看到的语言类型是？,阿拉伯语,Kyrgyzstan
语言,你看到的语言类型是？,阿拉伯语,Latvia
语言,你看到的语言类型是？,阿拉伯语,Lithuania
语言,你看到的语言类型是？,阿拉伯语,Mexico
语言,你看到的语言类型是？,阿拉伯语,Mongolia
语言,你看到的语言类型是？,阿拉伯语,Montenegro
语言,你看到的语言类型是？,阿拉伯语,Nigeria
语言,你看到的语言类型是？,阿拉伯语,Norway
语言,你看到的语言类型是？,阿拉伯语,Peru
语言,你看到的语言类型是？,阿拉伯语,Philippines
语言,你看到的语言类型是？,阿拉伯语,Poland
语言,你看到的语言类型是？,阿拉伯语,Portugal
语言,你看到的语言类型是？,阿拉伯语,Romania
语言,你看到的语言类型是？,阿拉伯语,Russia
语言,你看到的语言类型是？,阿拉伯语,Serbia
语言,你看到的语言类型是？,阿拉伯语,Slovakia
语言,你看到的语言类型是？,阿拉伯语,Slovenia
语言,你看到的语言类型是？,阿拉伯语,South Korea
语言,你看到的语言类型是？,阿拉伯语,Spain
语言,你看到的语言类型是？,阿拉伯语,Senegal
语言,你看到的语言类型是？,阿拉伯语,Sweden
语言,你看到的语言类型是？,阿拉伯语,Switzerland
语言,你看到的语言类型是？,阿拉伯语,Taiwan
语言,你看到的语言类型是？,阿拉伯语,Turkey
语言,你看到的语言类型是？,阿拉伯语,Ukraine
语言,你看到的语言类型是？,阿拉伯语,United States
语言,你看到的语言类型是？,阿拉伯语,Uruguay
语言,你看到的语言类型是？,阿拉伯语,Luxembourg
语言,你看到的语言类型是？,阿拉伯语,Italy
语言,你看到的语言类型是？,阿拉伯语,Canada
语言,你看到的语言类型是？,阿拉伯语,Netherlands
语言,你看到的语言类型是？,阿拉伯语,United Kingdom of Great Britain and Northern Ireland
语言,你看到的语言类型是？,阿拉伯语,Ireland
语言,你看到的语言类型是？,阿拉伯语,Uganda
语言,你看到的语言类型是？,阿拉伯语,Kenya
语言,你看到的语言类型是？,阿拉伯语,South Africa
语言,你看到的语言类型是？,阿拉伯语,Botswana
语言,你看到的语言类型是？,阿拉伯语,Lesotho
语言,你看到的语言类型是？,阿拉伯语,Eswatini
语言,你看到的语言类型是？,阿拉伯语,India
语言,你看到的语言类型是？,阿拉伯语,Sri Lanka
语言,你看到的语言类型是？,阿拉伯语,Bangladesh
语言,你看到的语言类型是？,阿拉伯语,Bhutan
语言,你看到的语言类型是？,阿拉伯语,Thailand
语言,你看到的语言类型是？,阿拉伯语,Malaysia
语言,你看到的语言类型是？,阿拉伯语,Indonesia
语言,你看到的语言类型是？,阿拉伯语,Australia
语言,你看到的语言类型是？,阿拉伯语,New Zealand
语言,你看到的语言类型是？,阿拉伯语,Japan
语言,你看到的语言类型是？,阿拉伯语,Singapore
语言,你看到的语言类型是？,阿拉伯语,Malta
语言,你看到的语言类型是？,希伯来字母,Albania
语言,你看到的语言类型是？,希伯来字母,Andorra
语言,你看到的语言类型是？,希伯来字母,Argentina
语言,你看到的语言类型是？,希伯来字母,Austria
语言,你看到的语言类型是？,希伯来字母,Belgium
语言,你看到的语言类型是？,希伯来字母,Bolivia
语言,你看到的语言类型是？,希伯来字母,Brazil
语言,你看到的语言类型是？,希伯来字母,Bulgaria
语言,你看到的语言类型是？,希伯来字母,Cambodia
语言,你看到的语言类型是？,希伯来字母,Canada
语言,你看到的语言类型是？,希伯来字母,Chile
语言,你看到的语言类型是？,希伯来字母,Colombia
语言,你看到的语言类型是？,希伯来字母,Croatia
语言,你看到的语言类型是？,希伯来字母,Czech Republic
语言,你看到的语言类型是？,希伯来字母,Denmark
语言,你看到的语言类型是？,希伯来字母,Dominican Republic
语言,你看到的语言类型是？,希伯来字母,Ecuador
语言,你看到的语言类型是？,希伯来字母,Estonia
语言,你看到的语言类型是？,希伯来字母,Finland
语言,你看到的语言类型是？,希伯来字母,France
语言,你看到的语言类型是？,希伯来字母,Germany
语言,你看到的语言类型是？,希伯来字母,Ghana
语言,你看到的语言类型是？,希伯来字母,Greece
语言,你看到的语言类型是？,希伯来字母,Guatemala
语言,你看到的语言类型是？,希伯来字母,Hungary
语言,你看到的语言类型是？,希伯来字母,Iceland
语言,你看到的语言类型是？,希伯来字母,Jordan
语言,你看到的语言类型是？,希伯来字母,Kyrgyzstan
语言,你看到的语言类型是？,希伯来字母,Latvia
语言,你看到的语言类型是？,希伯来字母,Lithuania
语言,你看到的语言类型是？,希伯来字母,Mexico
语言,你看到的语言类型是？,希伯来字母,Mongolia
语言,你看到的语言类型是？,希伯来字母,Montenegro
语言,你看到的语言类型是？,希伯来字母,Nigeria
语言,你看到的语言类型是？,希伯来字母,Norway
语言,你看到的语言类型是？,希伯来字母,Peru
语言,你看到的语言类型是？,希伯来字母,Philippines
语言,你看到的语言类型是？,希伯来字母,Poland
语言,你看到的语言类型是？,希伯来字母,Portugal
语言,你看到的语言类型是？,希伯来字母,Qatar
语言,你看到的语言类型是？,希伯来字母,Romania
语言,你看到的语言类型是？,希伯来字母,Russia
语言,你看到的语言类型是？,希伯来字母,Serbia
语言,你看到的语言类型是？,希伯来字母,Slovakia
语言,你看到的语言类型是？,希伯来字母,Slovenia
语言,你看到的语言类型是？,希伯来字母,South Korea
语言,你看到的语言类型是？,希伯来字母,Spain
语言,你看到的语言类型是？,希伯来字母,Senegal
语言,你看到的语言类型是？,希伯来字母,Sweden
语言,你看到的语言类型是？,希伯来字母,Switzerland
语言,你看到的语言类型是？,希伯来字母,Taiwan
语言,你看到的语言类型是？,希伯来字母,Tunisia
语言,你看到的语言类型是？,希伯来字母,Turkey
语言,你看到的语言类型是？,希伯来字母,United Arab Emirates
语言,你看到的语言类型是？,希伯来字母,Ukraine
语言,你看到的语言类型是？,希伯来字母,United States
语言,你看到的语言类型是？,希伯来字母,Uruguay
语言,你看到的语言类型是？,希伯来字母,Luxembourg
语言,你看到的语言类型是？,希伯来字母,Italy
语言,你看到的语言类型是？,希伯来字母,Canada
语言,你看到的语言类型是？,希伯来字母,Netherlands
语言,你看到的语言类型是？,希伯来字母,United Kingdom of Great Britain and Northern Ireland
语言,你看到的语言类型是？,希伯来字母,Ireland
语言,你看到的语言类型是？,希伯来字母,Uganda
语言,你看到的语言类型是？,希伯来字母,Kenya
语言,你看到的语言类型是？,希伯来字母,South Africa
语言,你看到的语言类型是？,希伯来字母,Botswana
语言,你看到的语言类型是？,希伯来字母,Lesotho
语言,你看到的语言类型是？,希伯来字母,Eswatini
语言,你看到的语言类型是？,希伯来字母,India
语言,你看到的语言类型是？,希伯来字母,Sri Lanka
语言,你看到的语言类型是？,希伯来字母,Bangladesh
语言,你看到的语言类型是？,希伯来字母,Bhutan
语言,你看到的语言类型是？,希伯来字母,Thailand
语言,你看到的语言类型是？,希伯来字母,Malaysia
语言,你看到的语言类型是？,希伯来字母,Indonesia
语言,你看到的语言类型是？,希伯来字母,Australia
语言,你看到的语言类型是？,希伯来字母,New Zealand
语言,你看到的语言类型是？,希伯来字母,Japan
语言,你看到的语言类型是？,希伯来字母,Singapore
语言,你看到的语言类型是？,希伯来字母,Malta
语言,你看到的语言类型是？,高棉语,Albania
语言,你看到的语言类型是？,高棉语,Andorra
语言,你看到的语言类型是？,高棉语,Argentina
语言,你看到的语言类型是？,高棉语,Austria
语言,你看到的语言类型是？,高棉语,Belgium
语言,你看到的语言类型是？,高棉语,Bolivia
语言,你看到的语言类型是？,高棉语,Brazil
语言,你看到的语言类型是？,高棉语,Bulgaria
语言,你看到的语言类型是？,高棉语,Canada
语言,你看到的语言类型是？,高棉语,Chile
语言,你看到的语言类型是？,高棉语,Colombia
语言,你看到的语言类型是？,高棉语,Croatia
语言,你看到的语言类型是？,高棉语,Czech Republic
语言,你看到的语言类型是？,高棉语,Denmark
语言,你看到的语言类型是？,高棉语,Dominican Republic
语言,你看到的语言类型是？,高棉语,Ecuador
语言,你看到的语言类型是？,高棉语,Estonia
语言,你看到的语言类型是？,高棉语,Finland
语言,你看到的语言类型是？,高棉语,France
语言,你看到的语言类型是？,高棉语,Germany
语言,你看到的语言类型是？,高棉语,Ghana
语言,你看到的语言类型是？,高棉语,Greece
语言,你看到的语言类型是？,高棉语,Guatemala
语言,你看到的语言类型是？,高棉语,Hungary
语言,你看到的语言类型是？,高棉语,Iceland
语言,你看到的语言类型是？,高棉语,Israel
语言,你看到的语言类型是？,高棉语,Jordan
语言,你看到的语言类型是？,高棉语,Kyrgyzstan
语言,你看到的语言类型是？,高棉语,Latvia
语言,你看到的语言类型是？,高棉语,Lithuania
语言,你看到的语言类型是？,高棉语,Mexico
语言,你看到的语言类型是？,高棉语,Mongolia
语言,你看到的语言类型是？,高棉语,Montenegro
语言,你看到的语言类型是？,高棉语,Nigeria
语言,你看到的语言类型是？,高棉语,Norway
语言,你看到的语言类型是？,高棉语,Peru
语言,你看到的语言类型是？,高棉语,Philippines
语言,你看到的语言类型是？,高棉语,Poland
语言,你看到的语言类型是？,高棉语,Portugal
语言,你看到的语言类型是？,高棉语,Qatar
语言,你看到的语言类型是？,高棉语,Romania
语言,你看到的语言类型是？,高棉语,Russia
语言,你看到的语言类型是？,高棉语,Serbia
语言,你看到的语言类型是？,高棉语,Slovakia
语言,你看到的语言类型是？,高棉语,Slovenia
语言,你看到的语言类型是？,高棉语,South Korea
语言,你看到的语言类型是？,高棉语,Spain
语言,你看到的语言类型是？,高棉语,Senegal
语言,你看到的语言类型是？,高棉语,Sweden
语言,你看到的语言类型是？,高棉语,Switzerland
语言,你看到的语言类型是？,高棉语,Taiwan
语言,你看到的语言类型是？,高棉语,Tunisia
语言,你看到的语言类型是？,高棉语,Turkey
语言,你看到的语言类型是？,高棉语,United Arab Emirates
语言,你看到的语言类型是？,高棉语,Ukraine
语言,你看到的语言类型是？,高棉语,United States
语言,你看到的语言类型是？,高棉语,Uruguay
语言,你看到的语言类型是？,高棉语,Luxembourg
语言,你看到的语言类型是？,高棉语,Italy
语言,你看到的语言类型是？,高棉语,Canada
语言,你看到的语言类型是？,高棉语,Netherlands
语言,你看到的语言类型是？,高棉语,United Kingdom of Great Britain and Northern Ireland
语言,你看到的语言类型是？,高棉语,Ireland
语言,你看到的语言类型是？,高棉语,Uganda
语言,你看到的语言类型是？,高棉语,Kenya
语言,你看到的语言类型是？,高棉语,South Africa
语言,你看到的语言类型是？,高棉语,Botswana
语言,你看到的语言类型是？,高棉语,Lesotho
语言,你看到的语言类型是？,高棉语,Eswatini
语言,你看到的语言类型是？,高棉语,India
语言,你看到的语言类型是？,高棉语,Sri Lanka
语言,你看到的语言类型是？,高棉语,Bangladesh
语言,你看到的语言类型是？,高棉语,Bhutan
语言,你看到的语言类型是？,高棉语,Thailand
语言,你看到的语言类型是？,高棉语,Malaysia
语言,你看到的语言类型是？,高棉语,Indonesia
语言,你看到的语言类型是？,高棉语,Australia
语言,你看到的语言类型是？,高棉语,New Zealand
语言,你看到的语言类型是？,高棉语,Japan
语言,你看到的语言类型是？,高棉语,Singapore
语言,你看到的语言类型是？,高棉语,Malta
语言,你看到的语言类型是？,僧伽罗语,Albania
语言,你看到的语言类型是？,僧伽罗语,Andorra
语言,你看到的语言类型是？,僧伽罗语,Argentina
语言,你看到的语言类型是？,僧伽罗语,Austria
语言,你看到的语言类型是？,僧伽罗语,Belgium
语言,你看到的语言类型是？,僧伽罗语,Bolivia
语言,你看到的语言类型是？,僧伽罗语,Brazil
语言,你看到的语言类型是？,僧伽罗语,Bulgaria
语言,你看到的语言类型是？,僧伽罗语,Cambodia
语言,你看到的语言类型是？,僧伽罗语,Canada
语言,你看到的语言类型是？,僧伽罗语,Chile
语言,你看到的语言类型是？,僧伽罗语,Colombia
语言,你看到的语言类型是？,僧伽罗语,Croatia
语言,你看到的语言类型是？,僧伽罗语,Czech Republic
语言,你看到的语言类型是？,僧伽罗语,Denmark
语言,你看到的语言类型是？,僧伽罗语,Dominican Republic
语言,你看到的语言类型是？,僧伽罗语,Ecuador
语言,你看到的语言类型是？,僧伽罗语,Estonia
语言,你看到的语言类型是？,僧伽罗语,Finland
语言,你看到的语言类型是？,僧伽罗语,France
语言,你看到的语言类型是？,僧伽罗语,Germany
语言,你看到的语言类型是？,僧伽罗语,Ghana
语言,你看到的语言类型是？,僧伽罗语,Greece
语言,你看到的语言类型是？,僧伽罗语,Guatemala
语言,你看到的语言类型是？,僧伽罗语,Hungary
语言,你看到的语言类型是？,僧伽罗语,Iceland
语言,你看到的语言类型是？,僧伽罗语,Israel
语言,你看到的语言类型是？,僧伽罗语,Jordan
语言,你看到的语言类型是？,僧伽罗语,Kyrgyzstan
语言,你看到的语言类型是？,僧伽罗语,Latvia
语言,你看到的语言类型是？,僧伽罗语,Lithuania
语言,你看到的语言类型是？,僧伽罗语,Mexico
语言,你看到的语言类型是？,僧伽罗语,Mongolia
语言,你看到的语言类型是？,僧伽罗语,Montenegro
语言,你看到的语言类型是？,僧伽罗语,Nigeria
语言,你看到的语言类型是？,僧伽罗语,Norway
语言,你看到的语言类型是？,僧伽罗语,Peru
语言,你看到的语言类型是？,僧伽罗语,Philippines
语言,你看到的语言类型是？,僧伽罗语,Poland
语言,你看到的语言类型是？,僧伽罗语,Portugal
语言,你看到的语言类型是？,僧伽罗语,Qatar
语言,你看到的语言类型是？,僧伽罗语,Romania
语言,你看到的语言类型是？,僧伽罗语,Russia
语言,你看到的语言类型是？,僧伽罗语,Serbia
语言,你看到的语言类型是？,僧伽罗语,Slovakia
语言,你看到的语言类型是？,僧伽罗语,Slovenia
语言,你看到的语言类型是？,僧伽罗语,South Korea
语言,你看到的语言类型是？,僧伽罗语,Spain
语言,你看到的语言类型是？,僧伽罗语,Senegal
语言,你看到的语言类型是？,僧伽罗语,Sweden
语言,你看到的语言类型是？,僧伽罗语,Switzerland
语言,你看到的语言类型是？,僧伽罗语,Taiwan
语言,你看到的语言类型是？,僧伽罗语,Tunisia
语言,你看到的语言类型是？,僧伽罗语,Turkey
语言,你看到的语言类型是？,僧伽罗语,United Arab Emirates
语言,你看到的语言类型是？,僧伽罗语,Ukraine
语言,你看到的语言类型是？,僧伽罗语,United States
语言,你看到的语言类型是？,僧伽罗语,Uruguay
语言,你看到的语言类型是？,僧伽罗语,Luxembourg
语言,你看到的语言类型是？,僧伽罗语,Italy
语言,你看到的语言类型是？,僧伽罗语,Canada
语言,你看到的语言类型是？,僧伽罗语,Netherlands
语言,你看到的语言类型是？,僧伽罗语,United Kingdom of Great Britain and Northern Ireland
语言,你看到的语言类型是？,僧伽罗语,Ireland
语言,你看到的语言类型是？,僧伽罗语,Uganda
语言,你看到的语言类型是？,僧伽罗语,Kenya
语言,你看到的语言类型是？,僧伽罗语,South Africa
语言,你看到的语言类型是？,僧伽罗语,Botswana
语言,你看到的语言类型是？,僧伽罗语,Lesotho
语言,你看到的语言类型是？,僧伽罗语,Eswatini
语言,你看到的语言类型是？,僧伽罗语,India
语言,你看到的语言类型是？,僧伽罗语,Bangladesh
语言,你看到的语言类型是？,僧伽罗语,Bhutan
语言,你看到的语言类型是？,僧伽罗语,Thailand
语言,你看到的语言类型是？,僧伽罗语,Malaysia
语言,你看到的语言类型是？,僧伽罗语,Indonesia
语言,你看到的语言类型是？,僧伽罗语,Australia
语言,你看到的语言类型是？,僧伽罗语,New Zealand
语言,你看到的语言类型是？,僧伽罗语,Japan
语言,你看到的语言类型是？,僧伽罗语,Singapore
语言,你看到的语言类型是？,僧伽罗语,Malta
语言,你看到的语言类型是？,泰语,Albania
语言,你看到的语言类型是？,泰语,Andorra
语言,你看到的语言类型是？,泰语,Argentina
语言,你看到的语言类型是？,泰语,Austria
语言,你看到的语言类型是？,泰语,Belgium
语言,你看到的语言类型是？,泰语,Bolivia
语言,你看到的语言类型是？,泰语,Brazil
语言,你看到的语言类型是？,泰语,Bulgaria
语言,你看到的语言类型是？,泰语,Cambodia
语言,你看到的语言类型是？,泰语,Canada
语言,你看到的语言类型是？,泰语,Chile
语言,你看到的语言类型是？,泰语,Colombia
语言,你看到的语言类型是？,泰语,Croatia
语言,你看到的语言类型是？,泰语,Czech Republic
语言,你看到的语言类型是？,泰语,Denmark
语言,你看到的语言类型是？,泰语,Dominican Republic
语言,你看到的语言类型是？,泰语,Ecuador
语言,你看到的语言类型是？,泰语,Estonia
语言,你看到的语言类型是？,泰语,Finland
语言,你看到的语言类型是？,泰语,France
语言,你看到的语言类型是？,泰语,Germany
语言,你看到的语言类型是？,泰语,Ghana
语言,你看到的语言类型是？,泰语,Greece
语言,你看到的语言类型是？,泰语,Guatemala
语言,你看到的语言类型是？,泰语,Hungary
语言,你看到的语言类型是？,泰语,Iceland
语言,你看到的语言类型是？,泰语,Israel
语言,你看到的语言类型是？,泰语,Jordan
语言,你看到的语言类型是？,泰语,Kyrgyzstan
语言,你看到的语言类型是？,泰语,Latvia
语言,你看到的语言类型是？,泰语,Lithuania
语言,你看到的语言类型是？,泰语,Mexico
语言,你看到的语言类型是？,泰语,Mongolia
语言,你看到的语言类型是？,泰语,Montenegro
语言,你看到的语言类型是？,泰语,Nigeria
语言,你看到的语言类型是？,泰语,Norway
语言,你看到的语言类型是？,泰语,Peru
语言,你看到的语言类型是？,泰语,Philippines
语言,你看到的语言类型是？,泰语,Poland
语言,你看到的语言类型是？,泰语,Portugal
语言,你看到的语言类型是？,泰语,Qatar
语言,你看到的语言类型是？,泰语,Romania
语言,你看到的语言类型是？,泰语,Russia
语言,你看到的语言类型是？,泰语,Serbia
语言,你看到的语言类型是？,泰语,Slovakia
语言,你看到的语言类型是？,泰语,Slovenia
语言,你看到的语言类型是？,泰语,South Korea
语言,你看到的语言类型是？,泰语,Spain
语言,你看到的语言类型是？,泰语,Senegal
语言,你看到的语言类型是？,泰语,Sweden
语言,你看到的语言类型是？,泰语,Switzerland
语言,你看到的语言类型是？,泰语,Taiwan
语言,你看到的语言类型是？,泰语,Tunisia
语言,你看到的语言类型是？,泰语,Turkey
语言,你看到的语言类型是？,泰语,United Arab Emirates
语言,你看到的语言类型是？,泰语,Ukraine
语言,你看到的语言类型是？,泰语,United States
语言,你看到的语言类型是？,泰语,Uruguay
语言,你看到的语言类型是？,泰语,Luxembourg
语言,你看到的语言类型是？,泰语,Italy
语言,你看到的语言类型是？,泰语,Canada
语言,你看到的语言类型是？,泰语,Netherlands
语言,你看到的语言类型是？,泰语,United Kingdom of Great Britain and Northern Ireland
语言,你看到的语言类型是？,泰语,Ireland
语言,你看到的语言类型是？,泰语,Uganda
语言,你看到的语言类型是？,泰语,Kenya
语言,你看到的语言类型是？,泰语,South Africa
语言,你看到的语言类型是？,泰语,Botswana
语言,你看到的语言类型是？,泰语,Lesotho
语言,你看到的语言类型是？,泰语,Eswatini
语言,你看到的语言类型是？,泰语,India
语言,你看到的语言类型是？,泰语,Sri Lanka
语言,你看到的语言类型是？,泰语,Bangladesh
语言,你看到的语言类型是？,泰语,Bhutan
语言,你看到的语言类型是？,泰语,Malaysia
语言,你看到的语言类型是？,泰语,Indonesia
语言,你看到的语言类型是？,泰语,Australia
语言,你看到的语言类型是？,泰语,New Zealand
语言,你看到的语言类型是？,泰语,Japan
语言,你看到的语言类型是？,泰语,Singapore
语言,你看到的语言类型是？,泰语,Malta
语言,你看到的语言类型是？,天城文 / 印地语,Albania
语言,你看到的语言类型是？,天城文 / 印地语,Andorra
语言,你看到的语言类型是？,天城文 / 印地语,Argentina
语言,你看到的语言类型是？,天城文 / 印地语,Austria
语言,你看到的语言类型是？,天城文 / 印地语,Belgium
语言,你看到的语言类型是？,天城文 / 印地语,Bolivia
语言,你看到的语言类型是？,天城文 / 印地语,Brazil
语言,你看到的语言类型是？,天城文 / 印地语,Bulgaria
语言,你看到的语言类型是？,天城文 / 印地语,Cambodia
语言,你看到的语言类型是？,天城文 / 印地语,Canada
语言,你看到的语言类型是？,天城文 / 印地语,Chile
语言,你看到的语言类型是？,天城文 / 印地语,Colombia
语言,你看到的语言类型是？,天城文 / 印地语,Croatia
语言,你看到的语言类型是？,天城文 / 印地语,Czech Republic
语言,你看到的语言类型是？,天城文 / 印地语,Denmark
语言,你看到的语言类型是？,天城文 / 印地语,Dominican Republic
语言,你看到的语言类型是？,天城文 / 印地语,Ecuador
语言,你看到的语言类型是？,天城文 / 印地语,Estonia
语言,你看到的语言类型是？,天城文 / 印地语,Finland
语言,你看到的语言类型是？,天城文 / 印地语,France
语言,你看到的语言类型是？,天城文 / 印地语,Germany
语言,你看到的语言类型是？,天城文 / 印地语,Ghana
语言,你看到的语言类型是？,天城文 / 印地语,Greece
语言,你看到的语言类型是？,天城文 / 印地语,Guatemala
语言,你看到的语言类型是？,天城文 / 印地语,Hungary
语言,你看到的语言类型是？,天城文 / 印地语,Iceland
语言,你看到的语言类型是？,天城文 / 印地语,Israel
语言,你看到的语言类型是？,天城文 / 印地语,Jordan
语言,你看到的语言类型是？,天城文 / 印地语,Kyrgyzstan
语言,你看到的语言类型是？,天城文 / 印地语,Latvia
语言,你看到的语言类型是？,天城文 / 印地语,Lithuania
语言,你看到的语言类型是？,天城文 / 印地语,Mexico
语言,你看到的语言类型是？,天城文 / 印地语,Mongolia
语言,你看到的语言类型是？,天城文 / 印地语,Montenegro
语言,你看到的语言类型是？,天城文 / 印地语,Nigeria
语言,你看到的语言类型是？,天城文 / 印地语,Norway
语言,你看到的语言类型是？,天城文 / 印地语,Peru
语言,你看到的语言类型是？,天城文 / 印地语,Philippines
语言,你看到的语言类型是？,天城文 / 印地语,Poland
语言,你看到的语言类型是？,天城文 / 印地语,Portugal
语言,你看到的语言类型是？,天城文 / 印地语,Qatar
语言,你看到的语言类型是？,天城文 / 印地语,Romania
语言,你看到的语言类型是？,天城文 / 印地语,Russia
语言,你看到的语言类型是？,天城文 / 印地语,Serbia
语言,你看到的语言类型是？,天城文 / 印地语,Slovakia
语言,你看到的语言类型是？,天城文 / 印地语,Slovenia
语言,你看到的语言类型是？,天城文 / 印地语,South Korea
语言,你看到的语言类型是？,天城文 / 印地语,Spain
语言,你看到的语言类型是？,天城文 / 印地语,Senegal
语言,你看到的语言类型是？,天城文 / 印地语,Sweden
语言,你看到的语言类型是？,天城文 / 印地语,Switzerland
语言,你看到的语言类型是？,天城文 / 印地语,Taiwan
语言,你看到的语言类型是？,天城文 / 印地语,Tunisia
语言,你看到的语言类型是？,天城文 / 印地语,Turkey
语言,你看到的语言类型是？,天城文 / 印地语,United Arab Emirates
语言,你看到的语言类型是？,天城文 / 印地语,Ukraine
语言,你看到的语言类型是？,天城文 / 印地语,United States
语言,你看到的语言类型是？,天城文 / 印地语,Uruguay
语言,你看到的语言类型是？,天城文 / 印地语,Luxembourg
语言,你看到的语言类型是？,天城文 / 印地语,Italy
语言,你看到的语言类型是？,天城文 / 印地语,Canada
语言,你看到的语言类型是？,天城文 / 印地语,Netherlands
语言,你看到的语言类型是？,天城文 / 印地语,United Kingdom of Great Britain and Northern Ireland
语言,你看到的语言类型是？,天城文 / 印地语,Ireland
语言,你看到的语言类型是？,天城文 / 印地语,Uganda
语言,你看到的语言类型是？,天城文 / 印地语,Kenya
语言,你看到的语言类型是？,天城文 / 印地语,South Africa
语言,你看到的语言类型是？,天城文 / 印地语,Botswana
语言,你看到的语言类型是？,天城文 / 印地语,Lesotho
语言,你看到的语言类型是？,天城文 / 印地语,Eswatini
语言,你看到的语言类型是？,天城文 / 印地语,Sri Lanka
语言,你看到的语言类型是？,天城文 / 印地语,Bhutan
语言,你看到的语言类型是？,天城文 / 印地语,Thailand
语言,你看到的语言类型是？,天城文 / 印地语,Malaysia
语言,你看到的语言类型是？,天城文 / 印地语,Indonesia
语言,你看到的语言类型是？,天城文 / 印地语,Australia
语言,你看到的语言类型是？,天城文 / 印地语,New Zealand
语言,你看到的语言类型是？,天城文 / 印地语,Japan
语言,你看到的语言类型是？,天城文 / 印地语,Singapore
语言,你看到的语言类型是？,天城文 / 印地语,Malta
太阳方位,太阳偏北还是偏南？,偏北,United Kingdom of Great Britain and Northern Ireland
太阳方位,太阳偏北还是偏南？,偏北,Ireland
太阳方位,太阳偏北还是偏南？,偏北,Malta
太阳方位,太阳偏北还是偏南？,偏北,India
太阳方位,太阳偏北还是偏南？,偏北,Sri Lanka
太阳方位,太阳偏北还是偏南？,偏北,Bangladesh
太阳方位,太阳偏北还是偏南？,偏北,Bhutan
太阳方位,太阳偏北还是偏南？,偏北,Thailand
太阳方位,太阳偏北还是偏南？,偏北,Malaysia
太阳方位,太阳偏北还是偏南？,偏北,Japan
太阳方位,太阳偏北还是偏南？,偏北,Singapore
太阳方位,太阳偏北还是偏南？,偏北,Albania
太阳方位,太阳偏北还是偏南？,偏北,Andorra
太阳方位,太阳偏北还是偏南？,偏北,Austria
太阳方位,太阳偏北还是偏南？,偏北,Belgium
太阳方位,太阳偏北还是偏南？,偏北,Bulgaria
太阳方位,太阳偏北还是偏南？,偏北,Cambodia
太阳方位,太阳偏北还是偏南？,偏北,Canada
太阳方位,太阳偏北还是偏南？,偏北,Croatia
太阳方位,太阳偏北还是偏南？,偏北,Czech Republic
太阳方位,太阳偏北还是偏南？,偏北,Denmark
太阳方位,太阳偏北还是偏南？,偏北,Dominican Republic
太阳方位,太阳偏北还是偏南？,偏北,Estonia
太阳方位,太阳偏北还是偏南？,偏北,Finland
太阳方位,太阳偏北还是偏南？,偏北,France
太阳方位,太阳偏北还是偏南？,偏北,Germany
太阳方位,太阳偏北还是偏南？,偏北,Ghana
太阳方位,太阳偏北还是偏南？,偏北,Greece
太阳方位,太阳偏北还是偏南？,偏北,Guatemala
太阳方位,太阳偏北还是偏南？,偏北,Hungary
太阳方位,太阳偏北还是偏南？,偏北,Iceland
太阳方位,太阳偏北还是偏南？,偏北,Israel
太阳方位,太阳偏北还是偏南？,偏北,Jordan
太阳方位,太阳偏北还是偏南？,偏北,Kyrgyzstan
太阳方位,太阳偏北还是偏南？,偏北,Latvia
太阳方位,太阳偏北还是偏南？,偏北,Lithuania
太阳方位,太阳偏北还是偏南？,偏北,Mexico
太阳方位,太阳偏北还是偏南？,偏北,Mongolia
太阳方位,太阳偏北还是偏南？,偏北,Montenegro
太阳方位,太阳偏北还是偏南？,偏北,Nigeria
太阳方位,太阳偏北还是偏南？,偏北,Norway
太阳方位,太阳偏北还是偏南？,偏北,Philippines
太阳方位,太阳偏北还是偏南？,偏北,Poland
太阳方位,太阳偏北还是偏南？,偏北,Portugal
太阳方位,太阳偏北还是偏南？,偏北,Qatar
太阳方位,太阳偏北还是偏南？,偏北,Romania
太阳方位,太阳偏北还是偏南？,偏北,Russia
太阳方位,太阳偏北还是偏南？,偏北,Serbia
太阳方位,太阳偏北还是偏南？,偏北,Slovakia
太阳方位,太阳偏北还是偏南？,偏北,Slovenia
太阳方位,太阳偏北还是偏南？,偏北,South Korea
太阳方位,太阳偏北还是偏南？,偏北,Spain
太阳方位,太阳偏北还是偏南？,偏北,Senegal
太阳方位,太阳偏北还是偏南？,偏北,Sweden
太阳方位,太阳偏北还是偏南？,偏北,Switzerland
太阳方位,太阳偏北还是偏南？,偏北,Taiwan
太阳方位,太阳偏北还是偏南？,偏北,Tunisia
太阳方位,太阳偏北还是偏南？,偏北,Turkey
太阳方位,太阳偏北还是偏南？,偏北,United Arab Emirates
太阳方位,太阳偏北还是偏南？,偏北,Ukraine
太阳方位,太阳偏北还是偏南？,偏北,United States
太阳方位,太阳偏北还是偏南？,偏北,Luxembourg
太阳方位,太阳偏北还是偏南？,偏北,Netherlands
太阳方位,太阳偏北还是偏南？,偏南,South Africa
太阳方位,太阳偏北还是偏南？,偏南,Botswana
太阳方位,太阳偏北还是偏南？,偏南,Lesotho
太阳方位,太阳偏北还是偏南？,偏南,Eswatini
太阳方位,太阳偏北还是偏南？,偏南,Indonesia
太阳方位,太阳偏北还是偏南？,偏南,Australia
太阳方位,太阳偏北还是偏南？,偏南,New Zealand
太阳方位,太阳偏北还是偏南？,偏南,Argentina
太阳方位,太阳偏北还是偏南？,偏南,Bolivia
太阳方位,太阳偏北还是偏南？,偏南,Brazil
太阳方位,太阳偏北还是偏南？,偏南,Chile
太阳方位,太阳偏北还是偏南？,偏南,Ecuador
太阳方位,太阳偏北还是偏南？,偏南,Peru
太阳方位,太阳偏北还是偏南？,偏南,Uruguay
